conv_id,conversation_hash,in_corpus,source,note
C001,00246723ce2c240780657b21b7cc8a22,1,llm_pipeline,
C002,0083fce71cbdac49cfe6689ecb9b8a7c,1,llm_pipeline,
C003,00ab50477d17985dc02ab244e2a594ff,1,llm_pipeline,
C004,0143bd43590f07daf85a99dbe7950048,1,llm_pipeline,
C005,014510269b3045362d8c8a7933ed6c4d,1,llm_pipeline,
C006,01914c5de1154edc7b199cf07aadde74,0,llm_pipeline,
C007,01bf735cce675bde918845d1a27ddf4e,1,llm_pipeline,
C008,0258767c7f7314d4c9d36bac1c74186e,1,llm_pipeline,
C009,02c5483790a69005f1cae402e7122c03,1,llm_pipeline,
C010,02f363e64043e012a476eb333f3557ef,1,llm_pipeline,
C011,031fcbce73ca9ff529a80412eb35d752,1,llm_pipeline,
C012,050da46038e6350c4ba5296eb731435c,1,llm_pipeline,
C013,05a0e3829b71e9b037146193e803cdbf,1,llm_pipeline,
C014,05d383ff45cbb99783559c7adb74e673,1,llm_pipeline,
C015,0612528d66fb1e3dc06ee9ba77030c2e,0,llm_pipeline,
C016,06175d04fad92d05925f14150db14e85,1,llm_pipeline,
C017,065afce64c1e5e56254f10a191190575,1,llm_pipeline,
C018,067e77740ae7e1a1be1285d7b7e5e82b,1,llm_pipeline,
C019,06ffda0c3ba5795fe18a58e064c4e0bc,1,llm_pipeline,
C020,07214818b964927281d537d1d3affee4,1,llm_pipeline,
C021,074555a89975b7a274ff9c6bc9836949,1,llm_pipeline,
C022,07c5718f553cc9c1d8e6186fe79e536f,0,llm_pipeline,
C023,0866f4e89d4b84dc2a3f6f564e375d62,1,llm_pipeline,
C024,0886cec9aa0b0e40babad378f05067e0,1,llm_pipeline,
C025,08de76bb97bc4d54f286032e20f6410a,1,llm_pipeline,
C026,08f7f5d0ee7dbaa7f2ed119c0108c7ac,1,llm_pipeline,
C027,093b8472acec5037398cf20ba1110ca4,1,llm_pipeline,
C028,0a1f8e8c0177965309fdf906e25fdb6a,1,llm_pipeline,
C029,0a43263cb81993d23fe5721decacbc58,0,llm_pipeline,
C030,0a81bbe6c65cf471c98995248a69b206,1,llm_pipeline,
C031,0ae5a625636e787595b48d2ded5c75d8,1,llm_pipeline,
C032,0b37d51c028832b7c452a33c60810dcd,1,llm_pipeline,
C033,0b75d53aa5ac295e8f6e87b046dc13ad,1,llm_pipeline,
C034,0b8cfd83c611dc783b1b0d9ae64f9d4d,1,llm_pipeline,
C035,0c78ae3161983919acccc4fb04ba4b9e,1,llm_pipeline,
C036,0c7d3ea9f8cd5ef22909cd0a91066dc6,0,llm_pipeline,
C037,0d4fdb965527900d8d7b19924fae8206,1,llm_pipeline,
C038,0d64dd5f74fb62747bf467b4f8a9236b,1,llm_pipeline,
C039,0d6691354471faee1f905d1ff3d30069,1,llm_pipeline,
C040,0d73f53c1bd1a09436793474ed100161,0,llm_pipeline,
C041,0d901651cf3de1952fff27ea800ead47,0,llm_pipeline,
C042,0df67725e948af8971e234fcf31bdca4,1,llm_pipeline,
C043,0e0a8c347732ddf032bb0b63ce1e66be,1,llm_pipeline,
C044,0e8f67ad753c902dec6808ea93e48dfa,1,llm_pipeline,
C045,0e9829819efc32d3197cac913f59c760,1,llm_pipeline,
C046,0ebb7204030f0cf28afd507518bcb781,1,llm_pipeline,
C047,0f1d0f23406fbc71607d8f503b24c34f,1,llm_pipeline,
C048,0f24f7f6c813798c856595a8f8486ac5,1,llm_pipeline,
C049,0f42f250e6fac903fad7236cae058882,1,llm_pipeline,
C050,0f53f2a795661b44fb7b62b5188176b1,1,llm_pipeline,
C051,0fb2814d1b0cd37d30502da5ec778489,1,llm_pipeline,
C052,10fcf15d7b0e42a635388ffcedc69dbc,1,llm_pipeline,
C053,114b4d189132f8813ef46571b6e6767f,1,llm_pipeline,
C054,11c140f6801e33e70b77f04a15e469af,1,llm_pipeline,
C055,12108313862cb11ef1d37502504b8056,1,llm_pipeline,
C056,1218981a6a2d185bd0e77413207cccf8,1,llm_pipeline,
C057,1276f90aa39f23ef5754c158e99c86ee,1,llm_pipeline,
C058,12902020da0187ce2a106f076ceee8d8,0,llm_pipeline,
C059,12a11169e89e12696d93dcb250952fc6,1,llm_pipeline,
C060,12a62edb6a708c7f03f0acfe974159c7,1,llm_pipeline,
C061,12dc8af86be5946166f52c6bfcdfb187,0,llm_pipeline,
C062,12e8be0f2b5385bcea4d2d9ef222c4f3,1,llm_pipeline,
C063,1307ae859c29245715e14515fff13a73,1,llm_pipeline,
C064,132120c64d42ba21ea992f168125f48e,0,llm_pipeline,
C065,136d89c8bf5e3d17af516130b6753972,1,llm_pipeline,
C066,13705058cac733adc02d77db6eee9b73,0,llm_pipeline,
C067,13b258fcbf9960d86b0ecf990e116023,1,llm_pipeline,
C068,141bb4e7662c72d9ec1f2482315311a5,1,llm_pipeline,
C069,146aa46711a56fa5836707af13f5c581,0,llm_pipeline,
C070,1480d23c410e55269565c1e424a12747,1,llm_pipeline,
C071,14e3bad30e7cba849b6b7b97556fd111,0,llm_pipeline,
C072,1524496cd749a6c6ef55b69e65a434e3,0,llm_pipeline,
C073,152f04fdd52cc4ceff1812a8809e40de,1,llm_pipeline,
C074,153b9c3a921042250ecf06cbda7ef135,1,llm_pipeline,
C075,158961270b46f827311e71c6e6648b3b,1,llm_pipeline,
C076,15ea3f9e79916a9a2f1f3d13fcbbde00,0,llm_pipeline,
C077,163d0f28ef49ef952f3cc99087e67a9a,1,llm_pipeline,
C078,1645fd05ea6c63988b70200c1d91af2d,0,llm_pipeline,
C079,16e2739360b7312f4a45cff14b0fc4e3,1,llm_pipeline,
C080,174b95db63d897a8fc8da86a21892637,1,llm_pipeline,
C081,17981c4a17a205d9d3766ee059f90f70,1,llm_pipeline,
C082,179b04defd3f2d367dcc139b38bdfe02,0,llm_pipeline,
C083,17cf685f4d24d5f80fbbabf7ce2d52be,1,llm_pipeline,
C084,1800c1c10fe75dd299b4217401d74f74,1,llm_pipeline,
C085,18332ea081c7856656169f2601283ecd,1,llm_pipeline,
C086,18b2eef2c56cc67e8b05b50948632023,1,llm_pipeline,
C087,18b4793d2e4b797a97458f3c8ebb8426,0,llm_pipeline,
C088,18d5cf38e0af842573102afc7078964d,1,llm_pipeline,
C089,18e89340fc64b8f515085460c603a715,1,llm_pipeline,
C090,190671e3fdc5663e8793cac9cc8c2ca2,1,llm_pipeline,
C091,1963dca4ce637b11faf14d0da06e8a55,0,llm_pipeline,
C092,196cbd940bb41cd3ca0f37ec0e7da0ed,1,llm_pipeline,
C093,196da080264e35d673b5acaeba547629,0,llm_pipeline,
C094,19879253620267f0a46e3139def99925,1,llm_pipeline,
C095,19ba1d05a332c28eddf8cfe62e24eb4d,1,llm_pipeline,
C096,19bac2eb5e3157a809a76469445c4660,1,llm_pipeline,
C097,19cb2a77585a73723f913485fd919b03,1,llm_pipeline,
C098,1a0100c53c35967f1362406fe3d779cf,1,llm_pipeline,
C099,1a6739206697709cfd4ff904d1a308ec,0,llm_pipeline,
C100,1ab32d7a72227e03c4a765620db51864,1,llm_pipeline,
C101,1b4b6ff52af0630d77f37ba738b7de17,0,llm_pipeline,
C102,1b7aa76149ccd2c043a41ee198bc1a37,0,llm_pipeline,
C103,1b98bbcc17e53e0af056ccf479f544d1,0,llm_pipeline,
C104,1c0520993fa2ea37fa307edb4f288080,1,llm_pipeline,
C105,1c68f8749e84e6074ce1ddc24004b041,1,llm_pipeline,
C106,1c7d4937bcf0fa4ec7a2b70594ffbaad,1,llm_pipeline,
C107,1cb63d9c94e389446b2f7cd6600e7ed9,1,llm_pipeline,
C108,1d35b6a1205550859bdfc8dc09877ee8,1,llm_pipeline,
C109,1d623970eae5ffabeff56042b6eb34b9,0,llm_pipeline,
C110,1e21e4bcb72485c43a88ab2a3b50f2c3,1,llm_pipeline,
C111,1e49d740d816cef0203537b157ecf7a3,1,llm_pipeline,
C112,1e8afcd273dbf6a891b57fe9cb755e0a,0,llm_pipeline,
C113,1f5ff4283d39c2e3fd6d8d04b28076d9,1,llm_pipeline,
C114,1f71c91fc5d6524702e658aadc4e7b58,1,llm_pipeline,
C115,2023a7cd01ba56735dfb3bdc621b44d6,1,llm_pipeline,
C116,20ae828f37607053899cc39425b5e3f4,1,llm_pipeline,
C117,20d081c3ad0c66a27eef999e8eb4232b,1,llm_pipeline,
C118,21063981401c6cb3b4b22cd90d9e7dea,1,llm_pipeline,
C119,2119d1e5fe895da51a0e882ade540919,1,llm_pipeline,
C120,21435db40173437377af117c812d16f8,0,llm_pipeline,
C121,2213e289fe1a5962c8052fcb31a86f40,0,llm_pipeline,
C122,223c9891c0a52f70e23874f4a459b3d5,0,llm_pipeline,
C123,22d1b29a7ab6ee6985ee550de4daf754,1,llm_pipeline,
C124,22d502c76fe3c533345807c912ae79ff,1,llm_pipeline,
C125,23210d11d49c5e9da9420efe037c9327,0,llm_pipeline,
C126,23267b6beaf73b2742b4737c4e7361d6,1,llm_pipeline,
C127,23611d55eeec94eaa9ee7740626d7527,1,llm_pipeline,
C128,236e2334d2a69386286aed4d83485423,1,llm_pipeline,
C129,23bd41742cabde3f4cca309f871877a1,1,llm_pipeline,
C130,23d153c33c9f1b32d1be0d02607f8681,1,llm_pipeline,
C131,242683ba8f706bf9e6bce30adb285a17,1,llm_pipeline,
C132,249cd88f550aa42d5cef4437119711c7,1,llm_pipeline,
C133,24a6fa076451907175ca0eb1030dedcc,0,llm_pipeline,
C134,24e78dee6228d72928d035be0628e308,1,llm_pipeline,
C135,251e9728337f189434080719bd9fa238,1,llm_pipeline,
C136,2530475b9d1c7b915f07e25650648661,1,llm_pipeline,
C137,2557dd9ea551ffe5f65f4b27f0b446f7,1,llm_pipeline,
C138,25af1e16c7c4864a2edea7e8934c5656,1,llm_pipeline,
C139,25b777786f56459c318cfb97d4147c79,1,llm_pipeline,
C140,25d19bcf44df96425a310a2857203f54,0,llm_pipeline,
C141,25ebb1d6ca55cc77109ffb76407b2175,1,llm_pipeline,
C142,261614780d93261969f96ab74cf78326,0,llm_pipeline,
C143,2663d33f652cba100fdc412b3de8d4b5,1,llm_pipeline,
C144,2665be1106d885d982f46986ede16c7a,1,llm_pipeline,
C145,26fa87aa1fad7f4dc33c7c8b924d0de3,1,llm_pipeline,
C146,273213c616abf05d3718231f49c289fe,1,llm_pipeline,
C147,2736dd187b248a87e16c34b7ab440e13,1,llm_pipeline,
C148,2761546fafe579bf61c0c58400cc7efd,1,llm_pipeline,
C149,279527db70a671b914aa457cfa3485dc,1,llm_pipeline,
C150,27ab7f88eedb8c33a7d7b1e3833755b4,1,llm_pipeline,
C151,27b4feb57f2e64ad8f2a1e97eec86a0f,0,llm_pipeline,
C152,27e5c38f434f2901e5fca61d991c7c45,1,llm_pipeline,
C153,27f89f910c2bc364afbd8b35fc411ac3,1,llm_pipeline,
C154,2848cb483c2313e95938136ff8d2f137,1,llm_pipeline,
C155,2856f19fc9a8af2d987e7abdcd7bb439,0,llm_pipeline,
C156,28b4f2cdfa2ead8648cbbae849924bc9,1,llm_pipeline,
C157,292db518ce2dce7bf94e2cda6bf8cfaf,1,llm_pipeline,
C158,298745e80aa2c00951ecc562df5c8ecb,1,llm_pipeline,
C159,29a6f9561a39ccebf47f9d3c924339bb,1,llm_pipeline,
C160,29b126478f4951e4847c331eae529742,1,llm_pipeline,
C161,29f009044742db7faa4f4dddd61d0fa3,1,llm_pipeline,
C162,2a0abc41da58692d90fe20bd2fb00240,0,llm_pipeline,
C163,2a1304a57cf1a94c0d9fba10c2a85aac,1,llm_pipeline,
C164,2afdf133085e2eea993c780a0d82e8ee,1,llm_pipeline,
C165,2b92866a1ee748db621f4b4e81bd2b36,1,llm_pipeline,
C166,2bcdc50236756d01536d8a22fde74860,1,llm_pipeline,
C167,2bec2647f8f0c91397687a07a3732fb0,1,llm_pipeline,
C168,2bf6c8f00f8ff43613a2315d1d97081c,1,llm_pipeline,
C169,2c3fc5411998edc4b630f9c3841bec9c,0,llm_pipeline,
C170,2c445c160eda1ba4e4cfb58bb2f76bce,1,llm_pipeline,
C171,2c8ecba8ff9992df5c88458d59f7298c,1,llm_pipeline,
C172,2cbdfece7f2b174dd91e135d68917034,1,llm_pipeline,
C173,2cc65082bb25f33e20c9c6e5c27e9d04,1,llm_pipeline,
C174,2d05f54d0c74cb10fcfe48b138dce542,1,llm_pipeline,
C175,2d394e35867fb5faeca7cb3aaafa053c,1,llm_pipeline,
C176,2d3b57917f0884ee8a651c9fafc86ab5,1,llm_pipeline,
C177,2df8be36ab87a57db03389d09f5140d5,1,llm_pipeline,
C178,2e2e7664b5e4c61c9952324fa3dc0109,1,llm_pipeline,
C179,2e35b66044eaea1a3bfedf1484a6dcd6,0,llm_pipeline,
C180,2ed92eeb0101823cf1098b15cb07e37f,1,llm_pipeline,
C181,2efbe283ca0e0283f8b98686ff66b8a6,1,llm_pipeline,
C182,2f20061fe887e9daf8bf9190248aaa8e,1,llm_pipeline,
C183,2f2f16f8fd102509f698ff4bb3a27000,0,llm_pipeline,
C184,2fb9b3621e6aa60d35491a5a72c3e70f,1,llm_pipeline,
C185,3011d982ac1a7a2a4f3e54938c3c1d23,1,llm_pipeline,
C186,303b172b3014fc5a09f1688dbcf8bfe7,1,llm_pipeline,
C187,312e1ee33f08c92d432e251eb5b01be1,1,llm_pipeline,
C188,316b0a9e4f69358ab3f91b1d7bcece84,1,llm_pipeline,
C189,317d4d02a364f351c0f2c15ccb38f075,0,llm_pipeline,
C190,31e88929d5e326dedaa4dd87ef7c3ea7,1,llm_pipeline,
C191,33320843a82d209aad203b352b2b8b0a,1,llm_pipeline,
C192,337952e3991b11680787437113eb75ae,0,llm_pipeline,
C193,337c4f9f0e3db2e9cc07ce54e615fc9c,1,llm_pipeline,
C194,338a2040904f6e5c5c3539fc08df41a1,1,llm_pipeline,
C195,33d07c8037533c1d80581b5866098b0c,1,llm_pipeline,
C196,340dda3dc7a3a1bc0af2e01499bf0b12,1,llm_pipeline,
C197,3442815e26ab746b0ae285b97b29910f,0,llm_pipeline,
C198,34831bf02176957f4fd5ff557042eba5,1,llm_pipeline,
C199,34fc8aa1683ca83a4f116b9450b0280c,1,llm_pipeline,
C200,357dee9ae5ef8ccd5e386c5f84066c58,1,llm_pipeline,
C201,35abdb50a60132c2815d6cb97b665243,1,llm_pipeline,
C202,35e771af32c98e9a619eb82019854ad4,1,llm_pipeline,
C203,36500f3eb187e49facf7134ad571f4bb,1,llm_pipeline,
C204,36d5a58a1d8986ff3d80931ad2558f87,0,llm_pipeline,
C205,36dd1f242840f948cf2d0289ee8caec0,1,llm_pipeline,
C206,36fa68ea425b482755d910fe00c33fea,1,llm_pipeline,
C207,375136522d8f487175b3dac129003978,1,llm_pipeline,
C208,37e7f9e218c8bc4c959c416b53bef337,0,llm_pipeline,
C209,37fbf43a37927efa4debefba605c9d6c,1,llm_pipeline,
C210,3866cb662f9d02ad5b73a366f34f431c,1,llm_pipeline,
C211,38ff2f8d4e9fe297c3ee240b680b5657,1,llm_pipeline,
C212,39a2ed880d9bf1ec58d6952780b4e4ba,1,llm_pipeline,
C213,3a4f6d26352bdb7fdec04dd62549dbac,1,llm_pipeline,
C214,3a50f621ae32c7e18f91d304044cc120,1,llm_pipeline,
C215,3ab106ed64f5b04caed9b3c61bee36a7,0,llm_pipeline,
C216,3b270d4bc5d7f4a5cb1a251663a80005,1,llm_pipeline,
C217,3b5e75ac26f87a1ee7f4522488918a66,1,llm_pipeline,
C218,3b70e78bd841fb3d16c1d8eb262c5fe6,0,llm_pipeline,
C219,3c2b819de2c140b853a878a1e6064fa6,1,llm_pipeline,
C220,3ca7a94077dce72ca2b477955e0fcc39,1,llm_pipeline,
C221,3d2d4d86f1d88df9f485f691ad26c9d8,1,llm_pipeline,
C222,3d41bcc2457199c8873794aff4d1581d,1,llm_pipeline,
C223,3d4fe2af7d067c527978d0ad062d0724,0,llm_pipeline,
C224,3d69c0a55f22a07852addf64408ae378,1,llm_pipeline,
C225,3d89d0c018902a1e51ebf20fb63ec440,1,llm_pipeline,
C226,3e1b6e5070bf7d5e34fa5feed7d15ec3,1,llm_pipeline,
C227,3e3c52c3c798b5097c3256a46e0e996e,1,llm_pipeline,
C228,3edaefd7d3343caf5d8962e60d11732e,1,llm_pipeline,
C229,3fbbdba47d487e8e2de8fab5a5fe7d68,1,llm_pipeline,
C230,4036e3e75342e5bcee4b6d138f60529a,1,llm_pipeline,
C231,405edb0fd5a1065b0fb1dddada8c434c,1,llm_pipeline,
C232,41513ee525925b92a208d8954d0d3a39,1,llm_pipeline,
C233,415f7c32a8e797e9f701f45d5b6cdf98,1,llm_pipeline,
C234,41a098d742303584aa1caedcf9dcd5c0,1,llm_pipeline,
C235,41cf3c3010479f69df024d249ae94c9b,0,llm_pipeline,
C236,425c654a85497003a95ef2da0b4d26ac,0,llm_pipeline,
C237,4271db581db835bef41deed9404be901,1,llm_pipeline,
C238,42d1344e2b18e1f0c831c47d0b66548f,1,llm_pipeline,
C239,42d4ee55d78be626a38d3270d344ff78,0,llm_pipeline,
C240,43c903ef688733890a8cac6b073c3dd9,0,llm_pipeline,
C241,43cc67cfa09cd59e30ec00191f496828,1,llm_pipeline,
C242,4410b20fb7202792a85d3d84dc32f135,1,llm_pipeline,
C243,4414ad6a81cb2112a679c204cbbb3b66,0,llm_pipeline,
C244,44acb2c30db0b34260406c57f4e81468,1,llm_pipeline,
C245,453e69d9781f3a536f228e90e86a4042,1,llm_pipeline,
C246,4555b5b3c1b5d6c03b7b50651cef8fc7,1,llm_pipeline,
C247,4604a0f74aee519126a5d453c5036e4b,0,llm_pipeline,
C248,4661879eecc8f1de228f239bafc494dd,1,llm_pipeline,
C249,47042f7ff92f01ae413cfaeabcdb6f7e,1,llm_pipeline,
C250,4713c65283a882b1043c593e900ac65e,1,llm_pipeline,
C251,4777e8252a7b7db71f6394dc92f0f777,1,llm_pipeline,
C252,47bcc50039a59ba34d720232f85af48b,1,llm_pipeline,
C253,485416fdcf72ab61a490a2079c1ba407,1,llm_pipeline,
C254,4869c3de057a56816b67b4edb7c4846a,0,llm_pipeline,
C255,48cdea293a36ae1215114825c95f5e2b,1,llm_pipeline,
C256,490480e27118edd6b30f02d52df0e56d,1,llm_pipeline,
C257,491059f720125a9bff55a6af8947a76d,1,llm_pipeline,
C258,4943b47ad5e7b397f2be1a00fd8bd047,1,llm_pipeline,
C259,49a463677d1eab6d97895b138bafd68a,1,llm_pipeline,
C260,49a5df184a78c6ef4356f327e8137870,1,llm_pipeline,
C261,49abd0ec813edae1370cd0ffe12122fb,1,llm_pipeline,
C262,49c0e8e30665cd2829f969ecbd974965,1,llm_pipeline,
C263,49d7525b67d1127d2bd7503716639c62,1,llm_pipeline,
C264,49f3abeda558e18cbf3273c501891fa4,1,llm_pipeline,
C265,49ffcbf8af232160e4fab10d6b196933,1,llm_pipeline,
C266,4a1b0793cc4de5dd4c7f81e2d0a4e7dd,1,llm_pipeline,
C267,4a2439ad368e5f8b5083da0f930eb480,1,llm_pipeline,
C268,4a895a3c119af1e0f744d48fded6ad27,1,llm_pipeline,
C269,4a8da9bbc59c8980ff28aaeb88add68a,1,llm_pipeline,
C270,4ab07f7fe2857158cc6f5e20f307b8d4,1,llm_pipeline,
C271,4abcdc2ec5861d0ffbb42409c2528c58,1,llm_pipeline,
C272,4b17186d1d0f1ccb02cd2fe009eeda59,0,llm_pipeline,
C273,4b3e43be7e5d0de8e09853f008f0320b,1,llm_pipeline,
C274,4b6e6c5c3b6f525667f839da3da7e750,1,llm_pipeline,
C275,4b9e7419856bbbeca028909a736de9cb,0,llm_pipeline,
C276,4ba54ac6196a321830c60e1ef0412c8d,1,llm_pipeline,
C277,4baf6815866042aee86bf81ce26dcbae,1,llm_pipeline,
C278,4c02182a72f932b1fc1010e05f2265b0,1,llm_pipeline,
C279,4c3c7b034a34d98009d921675e63bd40,1,llm_pipeline,
C280,4c42ff499a58ac7b2de9e598f36579d7,1,llm_pipeline,
C281,4c5d4679c94a9c99071c459febb16b86,1,llm_pipeline,
C282,4cc013eb659c693e5ef8715485c0d575,1,llm_pipeline,
C283,4d4eb31ea726ca3f02d359d613e9fac0,1,llm_pipeline,
C284,4dadd92cf1a95bab6e067fbfcc78bf3e,0,llm_pipeline,
C285,4e9a0d5faa015313ea4d7a7aec41949d,1,llm_pipeline,
C286,4ebe8b693a9062dccc5e448ac2b09938,0,llm_pipeline,
C287,4ec6da7e23c90fc8bfd99526a7446f17,1,llm_pipeline,
C288,4f35ddc87c832179c4dda5684393f200,1,llm_pipeline,
C289,4f97ed412506bf07203a1ff2ca999489,1,llm_pipeline,
C290,4fa6160a1871cbe50e340bfce69d9205,1,llm_pipeline,
C291,500893adb58e5692e4f1d5e519cd7609,1,llm_pipeline,
C292,50347eec55f21ce1f8e92bbdce4cbfca,1,llm_pipeline,
C293,506ebd72cf5b86c3812d7dd7ad532d98,1,llm_pipeline,
C294,508daf66b024fb9d2489374fd17644ba,1,llm_pipeline,
C295,50cda5e0945af021d8541d25a1ad5d7b,1,llm_pipeline,
C296,51359aae5548a9d9ddb5978f35145b26,1,llm_pipeline,
C297,5176c8367a4759d657363e7441387874,0,llm_pipeline,
C298,52986108142b86ad1533c26e9a58f4b9,1,llm_pipeline,
C299,52f10e52da4d0e169d865bfaec9f5781,1,llm_pipeline,
C300,530c3c086ff285218be0b2f76fbc25cd,1,llm_pipeline,
C301,532984c155aeb0031accccc6b692c939,1,llm_pipeline,
C302,533d3b0bed42279f7f1d6972c8f352a9,1,llm_pipeline,
C303,535274e7b40382518f8ded82e5c55ace,1,llm_pipeline,
C304,5355d39b0e95e615be7f4771d1d57324,1,llm_pipeline,
C305,5394def98a50bed8994398254848032c,1,llm_pipeline,
C306,539511400908cc1aa3f3decbec1b2279,1,llm_pipeline,
C307,53c2cd01533def421ef889e24bfa5ea1,1,llm_pipeline,
C308,5480783b5b72a52acf657b1cfc29ab98,1,llm_pipeline,
C309,54e1cd95e51ec2b6f129a28ae560f069,1,llm_pipeline,
C310,54f8b709667d7fba9f5c699c7f411eb6,1,llm_pipeline,
C311,55250d25a1ac427757939007c539db90,1,llm_pipeline,
C312,563036d4c181e487d99754a17345e018,1,llm_pipeline,
C313,56a5351e49be0dab8fc7a3daf9ffc8ae,1,llm_pipeline,
C314,575ea5346a40960a7532a5ccf3dac0c7,1,llm_pipeline,
C315,5870653a5436c8182f606a9474314784,1,llm_pipeline,
C316,587dac0e69b14a7110b0b3e820c1e8bf,1,llm_pipeline,
C317,58a72d57f1075cf159d7634fbb72e5c1,1,llm_pipeline,
C318,58d79aa8ed32418be2868af2d5b538a2,1,llm_pipeline,
C319,58e5743c71e66b65a43c191021e8f382,0,llm_pipeline,
C320,59365c5050bfc914456d07a52ccbd6f0,1,llm_pipeline,
C321,59a46e592770f15787e2b001a28d077c,0,llm_pipeline,
C322,59cd089afc15a8be865e568b188aa5b9,1,llm_pipeline,
C323,59f755416106ba62a182a6ea4af71e86,1,llm_pipeline,
C324,5a40a8d387b83a10278ab3e26b0e115e,0,llm_pipeline,
C325,5a8389009c19272236ab24a9a5bfafbd,0,llm_pipeline,
C326,5abd16edd0eee5908fd825f50d39b6ad,1,llm_pipeline,
C327,5b2893b5201ad4dbb5344a65ac4bb3c8,0,llm_pipeline,
C328,5c25f96b15e195b84009e358bdd440c1,1,llm_pipeline,
C329,5c4d9a8db23575585895a471ac79d3b3,1,llm_pipeline,
C330,5c5e7c926db1a2eca80abbb7b3c9cd4b,0,llm_pipeline,
C331,5c617b26f053e7780769e8049d4a08ba,1,llm_pipeline,
C332,5c64e2a037cf43cefe6f781c2abf9b77,1,llm_pipeline,
C333,5c93205dc415f4489b04db7508198451,0,llm_pipeline,
C334,5ce1546ffe9328c0d580698398d303db,1,llm_pipeline,
C335,5d24f47d93c6f7a1f02a26c2ac7b721e,1,llm_pipeline,
C336,5d578f69c0bbd5edd440f1ee2f0c728d,1,llm_pipeline,
C337,5d7361aa31893c8151e8b4ae50c537c1,0,llm_pipeline,
C338,5d74b91ba41927f0de9e857bb473da33,1,llm_pipeline,
C339,5d79aabc70608fcbf2a2911b7b77be44,1,llm_pipeline,
C340,5d9735f90d3ee4515f4e24428b72c8a1,0,llm_pipeline,
C341,5db3a87a147a07f3774f0c4a2da592b0,1,llm_pipeline,
C342,5df79eeaf29dab86868622f3fca591d8,0,llm_pipeline,
C343,5f073fd0ee63fd4312c80dfbccf4b6da,1,llm_pipeline,
C344,5f092ba7f17c5557bb5d76d500f4a039,1,llm_pipeline,
C345,5f0e1918865ae5af72f37cc04538e019,0,llm_pipeline,
C346,5f92b1103004b7626e5dc2c940bdb72f,1,llm_pipeline,
C347,5f9aee68c39ab7f23c6aaa4dbae4e1e8,0,llm_pipeline,
C348,5fafa7fae07f1c704608ae95dfd22eb9,1,llm_pipeline,
C349,5fb1b08cf83e6dffe37aacd486bb885b,1,llm_pipeline,
C350,6013615b7c47ba76584a0eb0fa7935bc,1,llm_pipeline,
C351,606df57539622667d4738ce49a624a10,0,llm_pipeline,
C352,609a902592d197a7b3f30b6c5439a6b7,0,llm_pipeline,
C353,60ac98344b4f4a078c4e44cd69b7b708,1,llm_pipeline,
C354,61041b2ac6e5b38bc0e76dc045d388c8,1,llm_pipeline,
C355,6124fbbd3dc19ef0dd48371fb6ef945b,1,llm_pipeline,
C356,6176aadd9599786e2055faaff035d93c,1,llm_pipeline,
C357,618b3ca7a561144329bf2417bdc1f5e9,1,llm_pipeline,
C358,61d89f56489dd42e0e5da01a1b2a4751,0,llm_pipeline,
C359,625de5e0f4d729d52c1d6d0ec2bfd1d8,1,llm_pipeline,
C360,6271799d53a8e9ac70c624b733ef8344,1,llm_pipeline,
C361,62beca065167d8e53f10b20fd00e4c3a,1,llm_pipeline,
C362,62d3af5995644516af6e807acd47b5eb,1,llm_pipeline,
C363,62dba7dd2085668177bae4b71f606613,1,llm_pipeline,
C364,62f0d53d4006740df1883b84c5b83901,1,llm_pipeline,
C365,631cda7bb863d5f80d89b2b402de3264,0,llm_pipeline,
C366,63252010991e7932673f66cf6dad2ad1,1,llm_pipeline,
C367,63af4b09a929e9b1cad36aced0f69871,0,llm_pipeline,
C368,63c10ee29f242e38aad648f90e43037d,0,llm_pipeline,
C369,63e8b02d73ce9b93d529cfca4b9010bc,0,llm_pipeline,
C370,6422e0dad8988e3d7663e344f6f29620,1,llm_pipeline,
C371,64cf665559885a230800a23d84346e17,0,llm_pipeline,
C372,64dc75a45c12113a6adddaf3bd48a8ff,1,llm_pipeline,
C373,651f14ce225d9f3842a5dc2e622d3e65,0,llm_pipeline,
C374,6562a63cd31a9c59f6d67465ecf00992,1,llm_pipeline,
C375,65b7bdb6ea3a9be9e2001e855997884a,1,llm_pipeline,
C376,661b8395a1be90d0a64adb496c1649f3,1,llm_pipeline,
C377,662913228db6abf6dd735189b81b0ba0,1,llm_pipeline,
C378,666e877511843901b4ddf7d60f7d3230,1,llm_pipeline,
C379,667e3273831876eab9c06974833fcb1e,1,llm_pipeline,
C380,66b346a51f9c51744a5f656152815667,0,llm_pipeline,
C381,67149c60871b5eabc0ef5bfd2c0c55fb,1,llm_pipeline,
C382,673d045f441ad03422b93f9f5e1dcd68,1,llm_pipeline,
C383,67826e772426a502461b088f09b71e43,1,llm_pipeline,
C384,67886a5dfdafa42e14be188972ddbc15,0,llm_pipeline,
C385,682494a73d2438bb65f83cd0505e9a38,1,llm_pipeline,
C386,6848920e7cec6a414b4e2a2642166d30,1,llm_pipeline,
C387,68889b23ff57e33baf8ff2bafec7b949,1,llm_pipeline,
C388,68a5836db0aaaf0526d290228d34dd49,0,llm_pipeline,
C389,68d84afd37abacda7f1bafaa64af2bd3,1,llm_pipeline,
C390,69678a04112c2134da93a7d4b04723f1,1,llm_pipeline,
C391,6996c6738d8a92b84ad4efca7666a04c,0,llm_pipeline,
C392,69f8223411120c97e23f844c8a3ca1f4,1,llm_pipeline,
C393,6a6479823718eca0f3378d4b918b6a4b,1,llm_pipeline,
C394,6b40ff1a0d4ccfe6874d09561875ae3f,1,llm_pipeline,
C395,6b50365ec2e7300c7e050b5792345832,1,llm_pipeline,
C396,6b695625c818e4a305c1820ba694a485,0,llm_pipeline,
C397,6c06ad05a0dce94b9b649645a46f9406,1,llm_pipeline,
C398,6c105ebd9c674204dd4fc00d28892dec,1,llm_pipeline,
C399,6c36fd02fc9a055c818ee4b9b6caa002,0,llm_pipeline,
C400,6c3b9963110b17b98ec0f83d0c4eef2c,0,llm_pipeline,
C401,6c8dd0e2a4f22d5940287d1003ff118c,0,llm_pipeline,
C402,6cb63b3b2c2bdaf906e8ca16c69564a3,1,llm_pipeline,
C403,6cf11e31989f4732f9fdb99b0f3145c3,1,llm_pipeline,
C404,6d9add7ff6e6b838e7a707c9edeb527c,1,llm_pipeline,
C405,6dcc32ed1cae1ad9f290f815b6fa0385,1,llm_pipeline,
C406,6e5865feb3d37e88eb6ca9148ab5d568,1,llm_pipeline,
C407,6e5b53f4731cde36348983b8e771f6a7,1,llm_pipeline,
C408,6e6b7a1e815b709ba83e3d62aa1381b4,0,llm_pipeline,
C409,6ec2ff881b23fbbeced6baa275321e17,0,llm_pipeline,
C410,6f6da00b22ac4c7f3b7ba4c455eae0bf,1,llm_pipeline,
C411,6f806c2853f04d87b2806777fc61e2b0,1,llm_pipeline,
C412,6fb455c7f0cc4f12f87e1c6e2e40a224,1,llm_pipeline,
C413,6fc1ae11229aefe13e7e0d42a8cc301a,1,llm_pipeline,
C414,6fe277d8d672f55f42426df4cef5c8c6,1,llm_pipeline,
C415,6fe306330c9bc17a1b4d714e89dc4293,1,llm_pipeline,
C416,6ffccc59a95a489e2d46bbbdac0b70f7,1,llm_pipeline,
C417,7035a619159867775ac059be1e78f9e3,1,llm_pipeline,
C418,703db2508051fff9e1fb1df4e95260b7,1,llm_pipeline,
C419,70e73ab4140f97942f83712a510408ba,0,llm_pipeline,
C420,71e289a265aa1d0c8955ad33e13a791c,1,llm_pipeline,
C421,71f7e582a008b070eadd8cc8ae322835,1,llm_pipeline,
C422,7218993d0c08e7b5a60bed27e004e449,1,llm_pipeline,
C423,72345adc6bffcb6865cf7a196b90e05f,1,llm_pipeline,
C424,728178d177253cc859d3236c152d133b,1,llm_pipeline,
C425,729c6b1a0edf653aa43f371bcb2f46f0,1,llm_pipeline,
C426,72a5fdd202e39658723b5d0708b031aa,0,llm_pipeline,
C427,73466cdd0f8ebfb6de01ac87e46ed01c,1,llm_pipeline,
C428,73a149c6bbf5834e0bff57a52493f354,1,llm_pipeline,
C429,73f0ea2cc0a886a1592c19cb14a5240e,1,llm_pipeline,
C430,742fa8fc121777a776d2e829d7c9469f,1,llm_pipeline,
C431,74318714d8ef48bbbb4f160dd854a812,1,llm_pipeline,
C432,74a4ef557590cc1189d5e05856d81c45,1,llm_pipeline,
C433,74e2ca50ddd0973090535f18c993ae47,1,llm_pipeline,
C434,7511706328f5b85e723b3401cd929011,1,llm_pipeline,
C435,75517e92176ecccfda7965a86f9a007a,1,llm_pipeline,
C436,75956a97b3be1e2e9e1434a71a28b880,0,llm_pipeline,
C437,75b3001b3686ffdfd5862e6ce99f5acf,0,llm_pipeline,
C438,75d3031b9afed4ea30691b1e279c22ff,1,llm_pipeline,
C439,76b6afebf4a087d803eab3dd5d50099a,1,llm_pipeline,
C440,76c8c5bdf305cfb7b6edbb703a110c20,1,llm_pipeline,
C441,76ed6929d97c79e7159843f929ecd250,1,llm_pipeline,
C442,76efeed34c626cb5da72af01eb8076ef,0,llm_pipeline,
C443,7749be02f16a1ad7806aa1ca574d106c,1,llm_pipeline,
C444,780444a645578272eae1b9e8e1cf4f3a,1,llm_pipeline,
C445,7882cd3ce64f501e0fe91f65e5e68189,1,llm_pipeline,
C446,789bc3007ce778d153d5b313fd69eabd,1,llm_pipeline,
C447,78aa5cb679f49c7bb33e6cd515bf92ca,1,llm_pipeline,
C448,78ba4575138260141437cdc6d7789bcb,1,llm_pipeline,
C449,7938a1e1d33e4cdfc19fe2393f796934,1,llm_pipeline,
C450,795fe8519753a266faf5e24de4263ea9,1,llm_pipeline,
C451,79651eacd732a7300447e35cd372fe4d,1,llm_pipeline,
C452,79c2a8b859c94f584154628f06cae7f6,1,llm_pipeline,
C453,79fcd2bbb8fbc36c9d7a93e08e378cca,1,llm_pipeline,
C454,7a3c784055541933ddc9777aca3e360c,1,llm_pipeline,
C455,7a457ac27a006a467135657d1245c515,1,llm_pipeline,
C456,7a858807f7d0f1aafebe1aae8063150b,1,llm_pipeline,
C457,7a97ebcbb78034a9935df489115f4481,1,llm_pipeline,
C458,7ac0511a5d28534d8585d16e071392b7,1,llm_pipeline,
C459,7ae0b062c3b53325f9fd1c924e57ee73,1,llm_pipeline,
C460,7aeef5d90e7bc2b35a2000837664fb0b,1,llm_pipeline,
C461,7aefba2f7e420a25eb19d64ee271ce00,0,llm_pipeline,
C462,7afc5fd22f15458b6631a550f6fb5539,1,llm_pipeline,
C463,7b0031baa496c86660d7a0286fb7a81e,1,llm_pipeline,
C464,7b0fe5ab768adc58a16e3923848bde0b,1,llm_pipeline,
C465,7b21f21284f1ebcce84f34c65e5bda81,1,llm_pipeline,
C466,7c435e46af4fbe4562d374c44fc63c1c,1,llm_pipeline,
C467,7c714cb02f3442d534eb0daeda59a63f,1,llm_pipeline,
C468,7cd7f901838ea563aa30074587c84d14,0,llm_pipeline,
C469,7cddcab296bc1f9d70412e4ae920918e,1,llm_pipeline,
C470,7d5fce37d92d77a37600741fac9b4d3b,0,llm_pipeline,
C471,7d7f329b63b4030d8ff4acdc0e051d83,1,llm_pipeline,
C472,7d968e819a0d1f5abe880063271391bf,1,llm_pipeline,
C473,7d98fa414a581ed78b1b6c57a6f71081,1,llm_pipeline,
C474,7dda93ae7bdda0e7ab4fdf36cb709387,1,llm_pipeline,
C475,7e098a96733e17ce430d0470ddd21aeb,1,llm_pipeline,
C476,7e37d13c55ad81205233f4248c7149e6,1,llm_pipeline,
C477,7eece000ca96548038dea15920178906,0,llm_pipeline,
C478,7ef26d9e934995b8463599c50d96934c,1,llm_pipeline,
C479,7f8d366b5b402d7d01bea861b499ab47,1,llm_pipeline,
C480,7fc1351f86a7660b6d18488de5b8c6c4,1,llm_pipeline,
C481,7fceff3e743e1561b146d1a5095d512e,0,llm_pipeline,
C482,7fe1d5e294be2f24c2220b24d19c0933,1,llm_pipeline,
C483,8013078e56f3a70771725c98a2f13382,1,llm_pipeline,
C484,8025a29d5dbf6ea2d5e8d0de0ef7c70d,1,llm_pipeline,
C485,804c4f6ed46db412d80b23555989b0e7,1,llm_pipeline,
C486,8058eb362a70551b590efbfbf63e453c,1,llm_pipeline,
C487,80c910088112b0da398c46d2c7e8c08a,1,llm_pipeline,
C488,80d69c566b907314d7d34b1e04c536a1,1,llm_pipeline,
C489,81327747c1e2e5e6a03554bee2996fbe,1,llm_pipeline,
C490,813fcf50f9620eacefac02c9c2a8c358,1,llm_pipeline,
C491,816faab5a0823443d30863823af1ab5c,1,llm_pipeline,
C492,8276818299ecd8302721f7d6e1ac015f,1,llm_pipeline,
C493,82b43bc71380ae10c37f89f34ef9c0ce,0,llm_pipeline,
C494,8328c64f3a7f4c5fc1766418809dba9b,1,llm_pipeline,
C495,83e18ef690badadbb4864ce3d49e4045,1,llm_pipeline,
C496,8440d5bada73dd0c0ff1b0640c580835,0,llm_pipeline,
C497,8587a84fdba202e0f4602cad2028c38a,1,llm_pipeline,
C498,85ad3325483ea448ab60f5aa63ee0ba2,1,llm_pipeline,
C499,85e1d86ce095514c047bb4696461cb18,0,llm_pipeline,
C500,86664deba506e7e367175918ddd581e1,1,llm_pipeline,
C501,8690acf4233cf39cb02caf31beb850d7,1,llm_pipeline,
C502,86f1b76c2a78161e20dcb872ff0183a3,1,llm_pipeline,
C503,86f9f1896ec07f357075b6618df63c42,1,llm_pipeline,
C504,875f6c094e85af6c6195b752379935ca,1,llm_pipeline,
C505,8774675e99cda046000446e0f7c5bd41,1,llm_pipeline,
C506,87d9eceb2483cd540cd9de10f4c8a6c6,1,llm_pipeline,
C507,880432d620703ab4a9c563014ab92c4c,0,llm_pipeline,
C508,882c4eb3b8849b86f115deff47617c09,1,llm_pipeline,
C509,88cba185f6b6aed9b98877d27f4900c9,1,llm_pipeline,
C510,89b30e16b957b45fd229e03fcd19eb7a,1,llm_pipeline,
C511,8a0de5c9bdb3031d2f161f9841104e69,0,llm_pipeline,
C512,8a372510429c2beafbd97e1565f781a1,1,llm_pipeline,
C513,8ab38db05e12e690e423ae1bb7364c1d,0,llm_pipeline,
C514,8ac53ef20e015d3a6ae29adb1ae50d28,1,llm_pipeline,
C515,8ad48f38edf6fe867f2311877f883bc5,0,llm_pipeline,
C516,8af8871377e20f780a361febe0fe80a4,1,llm_pipeline,
C517,8b191f883e8de081b5e6855e57054d78,1,llm_pipeline,
C518,8b375be63cd5be4bd955df3f962445f1,1,llm_pipeline,
C519,8b5d537409dd4a45097766bf0e8cc7e7,1,llm_pipeline,
C520,8b7d0261b2a469aa01067aa9ccd56531,1,llm_pipeline,
C521,8bf7db4e5f41c8c348a3afecc7f50d4e,1,llm_pipeline,
C522,8c1379f402a6796c0840e555a22b8ebe,1,llm_pipeline,
C523,8c71ce34ad4382441ab4a2c50f6a631d,1,llm_pipeline,
C524,8c8363249b842a4056091c34516ed769,0,llm_pipeline,
C525,8cbcbd325e6bc9ecc6385372993dc2ba,1,llm_pipeline,
C526,8cfba19c31e7fa7a1a3bdf60c916a7e8,1,llm_pipeline,
C527,8d1eee69134ff7d9d349fa42cf2c5d28,1,llm_pipeline,
C528,8d57cdffb3533ab3bcd693f647913772,1,llm_pipeline,
C529,8d7f5342c8f4f97faa1f2cf731c16215,1,llm_pipeline,
C530,8dd3133bf4fa2072b0813c6eef15d1df,1,llm_pipeline,
C531,8e78d173545c9430e977cc12dc08530d,1,llm_pipeline,
C532,8e9c09838e6ae2570bc1f05d5713fe61,1,llm_pipeline,
C533,8ecc6da2da51396cbece6f239b17d5e0,1,llm_pipeline,
C534,8ed0f65150d1e8303306da1d58ddb756,1,llm_pipeline,
C535,8fc58a0b288ddfa42c314144c9efb3e6,1,llm_pipeline,
C536,8ff3c19e482c11ef7c683973f452f9d4,1,llm_pipeline,
C537,8fff22877da2dbf5d71e310bd82ddf33,1,llm_pipeline,
C538,905f203a724fbabf639c732f58a3f2f5,1,llm_pipeline,
C539,90828c2f843afbab5ddfa926d747e5e3,0,llm_pipeline,
C540,90ede841b7141cafa86a7a1d608a6ebd,0,llm_pipeline,
C541,90f13579f43f0018cd65dbd1acaa6f50,1,llm_pipeline,
C542,917fe918435cdd05483826364d5a5cd2,1,llm_pipeline,
C543,918a5e40795457d547928c9d78f35d8d,1,llm_pipeline,
C544,91a2f8a460027b5c3523d6a2db58adca,1,llm_pipeline,
C545,91aeb5d11c2127a47ea5c9590f0fbd65,1,llm_pipeline,
C546,91af47399fc5519f5eb8d330b9d0b2ff,1,llm_pipeline,
C547,91c118ef8e976114bdb96972b1928cfe,0,llm_pipeline,
C548,929f1b3106c0cbc1440f9d81626f8171,1,llm_pipeline,
C549,92a04dfe54d5b13f80d9815cc5b01ead,1,llm_pipeline,
C550,92f98d6464a3f6abfee177ac4b109368,1,llm_pipeline,
C551,9326c889c5fdba59496563186024b7bd,1,llm_pipeline,
C552,9397acbb42f5223545d7b0d306597a3d,1,llm_pipeline,
C553,93bec7018b4953dec816686d5a3353ba,1,llm_pipeline,
C554,958ef6b89fc7815ce4d6ae34b20faf9b,0,llm_pipeline,
C555,9593745d97b6b1e9f2bf9943143edea3,1,llm_pipeline,
C556,95973015f88c20505f517ec9aaee1b27,1,llm_pipeline,
C557,95ef76b3bd946cf457b978c3e13689ae,1,llm_pipeline,
C558,95fd17ceed0b0ce4cca82950f561bfb4,1,llm_pipeline,
C559,96a25d9505d16214fbe4f91c73727723,1,llm_pipeline,
C560,96cf921ef448ddea18eef765a4e74f74,0,llm_pipeline,
C561,96e8dcc9531b84b66046e9c9e1403f1e,0,llm_pipeline,
C562,9869bbcb304b9080c1421da6ea0020ad,1,llm_pipeline,
C563,9a2c277fd2155762a7366e80406d82bd,0,llm_pipeline,
C564,9ab1403444c28185c6be46addad51b17,1,llm_pipeline,
C565,9ac3262082a870e089b976ba2127fcc8,1,llm_pipeline,
C566,9adf0c63d5f6f3225a14fcba5a86612d,1,llm_pipeline,
C567,9aeef55617044e085380c2df912030ae,1,llm_pipeline,
C568,9b094c4614720e02d74f6f50da1d6a66,0,llm_pipeline,
C569,9b1509d01183a4b0c2099ff30a4dab05,0,llm_pipeline,
C570,9b9c7550c394b65c09478d004227ff7d,1,llm_pipeline,
C571,9bafb6f74d05edde8ca8f6203a7e7064,0,llm_pipeline,
C572,9bb27a3829feebc0e6e25b4408251907,1,llm_pipeline,
C573,9bc4a0d5aad2299d268831de41ec5611,1,llm_pipeline,
C574,9c1928d9379f013037cacb677e25482c,1,llm_pipeline,
C575,9c1b86aa14b95ba3c4226c2c0c1de8ab,1,llm_pipeline,
C576,9d1a4fce1c4bc659cd5fcb522f1dd56e,1,llm_pipeline,
C577,9d3597f44362424428486c539a9d0f09,0,llm_pipeline,
C578,9d8ea374a276d7ba2da4609acdadd1c5,1,llm_pipeline,
C579,9e8478e03e0f37b3498848f969489f04,1,llm_pipeline,
C580,9ed4e8a947273bd41dad25dfe9bce083,1,llm_pipeline,
C581,9eda03e3f854b74ade0b6384ef264434,1,llm_pipeline,
C582,9f273d3d9daa10fb46a60d34200c9c53,1,llm_pipeline,
C583,9fcfe44216cfece298b200b44c234ec5,1,llm_pipeline,
C584,a03f3096a1d233aa568e2b58b2ac22bf,1,llm_pipeline,
C585,a0648f9b94a6b5660892546769507a8f,0,llm_pipeline,
C586,a0afdc9e08fa734cac5a3383df681c7d,0,llm_pipeline,
C587,a0eeffa8dbf0466232655e61d6e9a142,1,llm_pipeline,
C588,a0feb7af94d9d8bdada48577fa073063,0,llm_pipeline,
C589,a10e1fdb2ef3efcb518791a8e05aeb3b,1,llm_pipeline,
C590,a11b1bd8857c1ed89d143a64686d0e3b,1,llm_pipeline,
C591,a1808c25cc4c8bce9aafd3407eef04fc,1,llm_pipeline,
C592,a181d567a9da75cb821f19fbb34f607b,1,llm_pipeline,
C593,a22b5f98d779f0f24d8df4b014c18f2b,1,llm_pipeline,
C594,a2317821589c00dfdd9aca75b07023b3,1,llm_pipeline,
C595,a29bee91aac9789ea659616eda28b3e3,0,llm_pipeline,
C596,a2ab8931477872c20c0dc2544fb97932,0,llm_pipeline,
C597,a2e231af54c8249adde814d28a28b46f,0,llm_pipeline,
C598,a2e621324e724bf2685befdc226cbe73,1,llm_pipeline,
C599,a3658a79c134afd296e85e7e1f99687d,0,llm_pipeline,
C600,a386c132e0293f2c8b7411587311cdd1,1,llm_pipeline,
C601,a3c9ad6fab05ee62ce0800e7b66ae510,1,llm_pipeline,
C602,a3e273f30a081cd81a3d4420e5ad82ab,1,llm_pipeline,
C603,a4442250f7e72d05bdd92d897f34c255,1,llm_pipeline,
C604,a471d5f82aa0fd8150b590888cfa6fdc,1,llm_pipeline,
C605,a482471f8724c803cb33144f7764e74d,1,llm_pipeline,
C606,a4bdde8fb69a1bfcbfbd8a1c6e0df883,1,llm_pipeline,
C607,a4e93efce7cae7b41fc2bfa36452ecfa,1,llm_pipeline,
C608,a50f1d240bc36228097c98cfefa47639,0,llm_pipeline,
C609,a5516e4f8ba66a96870661095ce408d4,1,llm_pipeline,
C610,a597c7a36bac2562a66439ecdea2063a,1,llm_pipeline,
C611,a5bec537d390956972d94d29ff96f417,1,llm_pipeline,
C612,a5d93e941ed46438d2d4d2b73588d65e,1,llm_pipeline,
C613,a5e507d326af6b9a92d1e662c00233f5,1,llm_pipeline,
C614,a63b7242b9b2f93b8af8493a1e18ee20,1,llm_pipeline,
C615,a6eae8c4bdb22fdc7365aaff433da74c,1,llm_pipeline,
C616,a76b4d81f08ad44ba7991b3f82922b6b,1,llm_pipeline,
C617,a7a76e561d60b6078d2cd3950a288a26,1,llm_pipeline,
C618,a83ad412f49867f3a915e06ffd9d56c5,1,llm_pipeline,
C619,a85b596d6a16ba58a0602fdf2f017aeb,1,llm_pipeline,
C620,a866628e443a57f30535fdf6317b4f20,1,llm_pipeline,
C621,a87ff7e8a9e2fe48aac998fe20163c5c,1,llm_pipeline,
C622,a88a8cbaf304bfa48244fbcbf67a32e1,0,llm_pipeline,
C623,a9259dde2feb725184e8c4426b430c7c,1,llm_pipeline,
C624,a94d28fde56e45250c95a06d0efe3a93,1,llm_pipeline,
C625,a9adc4aa56cc95667404967936f56775,1,llm_pipeline,
C626,aa493713f0e3337141b1c2303f528431,1,llm_pipeline,
C627,aa78355c0e9b6b4b02cff8442f8f2cff,1,llm_pipeline,
C628,aae67808ea6408d475a93fdc2dfa4fd9,0,llm_pipeline,
C629,aae751d0117b23df611805c796f88781,1,llm_pipeline,
C630,ab4c1c5d7f600f761a8010fb4cdc14f2,1,llm_pipeline,
C631,ab7dd642fd52871dfd3b3b15e314f72c,0,llm_pipeline,
C632,ac55c5d0803213efc8f3db8aa7b84ae7,0,llm_pipeline,
C633,ac6f0a15230b7cb2503c71f28ddc0f83,1,llm_pipeline,
C634,ad23cf6480ea9b5c7108a3912290f8a7,1,llm_pipeline,
C635,ad274148d1ebe96d3169824251c610ae,1,llm_pipeline,
C636,ad3fae26cb5de0fbb31b01e522e908ce,1,llm_pipeline,
C637,ad55126cb9fc72b270ab25836500150c,1,llm_pipeline,
C638,adf8a6d66d50b7f0fcc5187927c96af4,1,llm_pipeline,
C639,adfde7e4fd1bf300e8091ff8480511a9,1,llm_pipeline,
C640,af3bfd7c99cde2a3ad46f75c23940317,1,llm_pipeline,
C641,af5cf73118eb5f037a332bf7b5e81319,1,llm_pipeline,
C642,af919e814793a192f33f3056a71e1e05,0,llm_pipeline,
C643,afd173f4de84ee096327d3a972177cd1,1,llm_pipeline,
C644,afff87ecb7f302d6d17e898a00d5da9b,0,llm_pipeline,
C645,b00adfaf572773c02a95c5c3ef7866f6,0,llm_pipeline,
C646,b0861a59c394df14b22e386018f3eba2,1,llm_pipeline,
C647,b0a286217d4a144b0ce2d88327c58e64,1,llm_pipeline,
C648,b10a2e2f31531761ebedd101ebe8cac3,1,llm_pipeline,
C649,b15dc5202823b368f02a0ab0fd2983e3,0,llm_pipeline,
C650,b19cd356a406565310f99bb7afd1a724,1,llm_pipeline,
C651,b20a751bd578f1af00e4464eb577ceec,1,llm_pipeline,
C652,b20c379cd9681ab0a4239fd85743bafc,1,llm_pipeline,
C653,b252a031a3845d05a35827bdb5666716,1,llm_pipeline,
C654,b2663571ba406e6404a02281d907fdeb,1,llm_pipeline,
C655,b294b1f9e557caf71b9e8a2e6ce7ce45,1,llm_pipeline,
C656,b2b5ae17c94c56d33fea4ca83ada7582,1,llm_pipeline,
C657,b2c96d2bf8383a380bf847629653b258,1,llm_pipeline,
C658,b2f855526ff27292b0410cc8160c4727,0,llm_pipeline,
C659,b33390402a18cf328b2cc902539a1812,1,llm_pipeline,
C660,b341eb970c04b5cceac40403cff1a7e5,1,llm_pipeline,
C661,b346142e5ad758e7db3aa13d0a95e036,1,llm_pipeline,
C662,b39cabfd6c44c4e33388aa0db397053d,1,llm_pipeline,
C663,b3f17af02624ca66c3701d08723c5967,1,llm_pipeline,
C664,b4018ce51a99f496b8007a746f6bf7c6,1,llm_pipeline,
C665,b4234fd28e0159d498b517c4e547548e,0,llm_pipeline,
C666,b4792e54dce80cf4b6d208d14d8f1abd,1,llm_pipeline,
C667,b4dd3bbfc1a551a9949d1499077f0e09,1,llm_pipeline,
C668,b4ee5f12f962e3a546e329620584a72e,1,llm_pipeline,
C669,b538d5b784921d91fe4ce68ddf966d71,1,llm_pipeline,
C670,b54562b6265c20e5585fb02be6f6901e,1,llm_pipeline,
C671,b57417471c6cb897327440534168d984,0,llm_pipeline,
C672,b5842570f613c52db20777619e6e1ca9,1,llm_pipeline,
C673,b584731f3417de0bb391bbc80557ba3e,1,llm_pipeline,
C674,b5877f140fb4ac5e524a0d4a2b598c1a,0,llm_pipeline,
C675,b58f7823b2be86e0c69c0bae4b7fbce2,1,llm_pipeline,
C676,b59ed911d2f84087d75efc2e37c3e5a5,0,llm_pipeline,
C677,b6025526afeb86344f45d2d4333966ab,1,llm_pipeline,
C678,b669ae4e4278abd5167099c6daa8d8c6,1,llm_pipeline,
C679,b6ab1a2e055c1e3da0fd07fa772364de,1,llm_pipeline,
C680,b6d9af68270a1cfde1e2d2451a53f2ec,1,llm_pipeline,
C681,b73a4eed5efce995f1eba6cf48a789c2,1,llm_pipeline,
C682,b7832ba410b7200d18422dcfa5c716ef,1,llm_pipeline,
C683,b7d769ff1f8f5765de32cad140af7154,1,llm_pipeline,
C684,b829620b7568f432360306e8206e15fa,0,llm_pipeline,
C685,b83b50b3ddf2d8c142369673178148d3,1,llm_pipeline,
C686,b8ac52267b44849d968a65f46b371933,1,llm_pipeline,
C687,b8f05835ec7a336aa1a064855d17facc,1,llm_pipeline,
C688,b923eb2e58b1b3360c0c74d4face6c9a,1,llm_pipeline,
C689,b934aca676fe97667eab78208d07d297,1,llm_pipeline,
C690,b9411c26e2050f18f144329ea61b58b5,1,llm_pipeline,
C691,b9da393c4bbf15fc17824ca5f84be911,1,llm_pipeline,
C692,b9e642775e2a05039cc82162168bd5ef,0,llm_pipeline,
C693,ba44d2e0c47c26a70e5a557934189567,1,llm_pipeline,
C694,ba8c83f1ef17fdfc00063c0ca8aca3b6,0,llm_pipeline,
C695,ba9fc79a228dd99bec42dc267843fce3,1,llm_pipeline,
C696,bafe884ff1911ad647451ae0bd2a5894,1,llm_pipeline,
C697,bb23d0db151653ae232902694e5e2808,1,llm_pipeline,
C698,bb909d9ae22ff53e4de1c574aee6b75b,0,llm_pipeline,
C699,bbbae0f9a20cae245bbbc7f99954daf4,1,llm_pipeline,
C700,bbd23700fb46e4452ec3d704bb5b4668,1,llm_pipeline,
C701,bc194f978f9846c52cb3a248ebcc8bcc,1,llm_pipeline,
C702,bce48f3a5d81ae3f0e6463743aab1569,1,llm_pipeline,
C703,bcf6d2311af83573f9b9ba8a1326001a,0,llm_pipeline,
C704,bd2c5a80bd09879988dc0a5c1f27a82a,1,llm_pipeline,
C705,bd4e5e60dc5c721c020cb7cca51fe142,1,llm_pipeline,
C706,bdd9e717c5c8ebb178dfa483fb9c5ee3,1,llm_pipeline,
C707,bde8d8d9f15dde64284a234abb45f15b,0,llm_pipeline,
C708,be2a1408415f7f9d2b9a6cb19fc97e4e,0,llm_pipeline,
C709,beac5b9b900be906a71d3aea471fa58d,1,llm_pipeline,
C710,bf91092d337e42a04cca579d4a6a6d7d,0,llm_pipeline,
C711,bfc92a8a4be1178310849cc6b55bb9b9,0,llm_pipeline,
C712,bfcd67dab186a037d04e320baef4ef25,1,llm_pipeline,
C713,c024f296da7c71b64ef4eb5110509262,0,llm_pipeline,
C714,c026b8bebb563c95f1e678c0c0764669,0,llm_pipeline,
C715,c0352764f3bb242871ffbee4fdf99fd5,1,llm_pipeline,
C716,c0a2d46ae283bc9d472378ef4295dd08,1,llm_pipeline,
C717,c0b5c4bd4d417ced6efecdaec45d8d0e,1,llm_pipeline,
C718,c0c2a294f30ecc53356e090b228e1add,1,llm_pipeline,
C719,c18501a994f3adaed03bbef5e7216e65,1,llm_pipeline,
C720,c1b2ad6319de4fcea91dfcd618639b3d,1,llm_pipeline,
C721,c1c0a59d0196cd69cd9dd047c7f5f38f,1,llm_pipeline,
C722,c257a6990567ce198f4141a221aeae09,1,llm_pipeline,
C723,c2ca287bc5e307ce15372eea9750ff6f,1,llm_pipeline,
C724,c31707de5241fe46f651e1b63b9265a3,0,llm_pipeline,
C725,c36fb99dc56b05a07f38d08f1d5c57bd,0,llm_pipeline,
C726,c397bb400647e1dae486bcebf15de045,1,llm_pipeline,
C727,c39c983ebafb6528319539e91a6f4c01,1,llm_pipeline,
C728,c39fc76ea8a4bc457f97109bf532f426,0,llm_pipeline,
C729,c44f4aef59bdab5876c2135b068b0bf0,1,llm_pipeline,
C730,c470b3f3403c20f30e8b026702aa58f8,1,llm_pipeline,
C731,c50263f4afeba3a8b9b1bceb277b7238,0,llm_pipeline,
C732,c5ecc44c7b0cfd50ca351293766cf079,1,llm_pipeline,
C733,c5ed169d8a02ff65c40088f9ff57946e,1,llm_pipeline,
C734,c6c5b959319272bc10a51e829d65a1fb,0,llm_pipeline,
C735,c70ebfde430d7b8b87a4a17df44779aa,1,llm_pipeline,
C736,c77d53ac81a3928ce72d31d4b5950398,1,llm_pipeline,
C737,c78fd93eb4d78f30bf146891ec5131c3,1,llm_pipeline,
C738,c797350d207bfb2a913e79764c81d05d,0,llm_pipeline,
C739,c7c13c44e82076667000d888e91b6629,0,llm_pipeline,
C740,c7c9918d5ca8d25bdb8e41f5e4b8e622,0,llm_pipeline,
C741,c808a4526bd683cb4366d59272dbea94,0,llm_pipeline,
C742,c8855aa10774496bb2efde6557f77627,0,llm_pipeline,
C743,c8951cabdf6ccc0b017b6a3223bcc419,1,llm_pipeline,
C744,c8cc83fb1182617f31163992bbd4e077,1,llm_pipeline,
C745,c92981035cff3a945dfb61c9d71ac077,1,llm_pipeline,
C746,c9a810e860af5a4add42c33afea31f63,1,llm_pipeline,
C747,c9de9e10c35c79d7b95dba0fc83ce510,1,llm_pipeline,
C748,ca031a0b4f05607e51ef95d6a35fe4c2,1,llm_pipeline,
C749,ca4ecdc1563e9bb3420df53ed93ae554,1,llm_pipeline,
C750,cab21905bc7b94b52fa02ad8e2ba8135,1,llm_pipeline,
C751,cab68bc319f12049dded16b4effbff80,1,llm_pipeline,
C752,cafa1c14739e1d9e4375dc0070ee7059,1,llm_pipeline,
C753,cb0e2645d8e05422741f8af285502bd3,1,llm_pipeline,
C754,cbc0f1ea44e8fe69f5eef83aa865aee2,1,llm_pipeline,
C755,cc643adae338d68ba636de902df1f048,1,llm_pipeline,
C756,cc6ac40695f61a26f6798e47a4f7b6b2,0,llm_pipeline,
C757,cc9249c962c577570424788688c5fcec,1,llm_pipeline,
C758,ccac30c8b5f456ccbd61733d84ee1cce,0,llm_pipeline,
C759,cce2148850407c3dabfff3e2f1418959,0,llm_pipeline,
C760,cce298382a62f8eb5f160f4b984c471f,0,llm_pipeline,
C761,cce5ea4fec9afa275e6edf01c48914ec,1,llm_pipeline,
C762,cd3ca3e30c229d564a45b40a6853560d,0,llm_pipeline,
C763,cd7faf68af0022057ec6a8e7fec8b8d7,1,llm_pipeline,
C764,cdf7bb12371542c3fa8b70dd01ceb45d,1,llm_pipeline,
C765,ce26f7fc369618d1544640dc28ddd4e1,0,llm_pipeline,
C766,ce6fca221bb9c2c46854e3de5bb5e152,1,llm_pipeline,
C767,ced881a2570b99c4e92c2b5c1e60845c,1,llm_pipeline,
C768,cef0144f04ac1db391bec7d0f6befe41,1,llm_pipeline,
C769,cf043db6d80cca05d78d19fe1866c8ea,1,llm_pipeline,
C770,cf522573747f900058081a3b73f52d92,1,llm_pipeline,
C771,cf76b95d537c3ea5d69cf1457958da7a,1,llm_pipeline,
C772,cfcb2cff4f6bbb912b97946610718e05,0,llm_pipeline,
C773,d04d0b71390bd5362a28b2276f0930cb,1,llm_pipeline,
C774,d0551cf2b84de900620f257a8b2b1e10,1,llm_pipeline,
C775,d1031fb49535737a4c08f19023f42e79,0,llm_pipeline,
C776,d15445b8b08351e7b7645984dfe37300,0,llm_pipeline,
C777,d159c4235d4e4509c16120f4640b25ab,1,llm_pipeline,
C778,d185a962ef8265562915e14b7579553e,1,llm_pipeline,
C779,d275255199181c1841b073cabb3d7186,1,llm_pipeline,
C780,d2f84f316ad528b33208620e3f463fb7,1,llm_pipeline,
C781,d349228e9fac01c04e2f9d032f1d55ed,1,llm_pipeline,
C782,d39b68af2a6d7415998624b28add358e,1,llm_pipeline,
C783,d402219543c338ceab472f74314a84c8,1,llm_pipeline,
C784,d43c8123844cf256b917d341653bc16d,1,llm_pipeline,
C785,d45df448a0cf3fe8dee71ca804c52d3a,1,llm_pipeline,
C786,d4b89fbbb20715bcd934317396b393cd,1,llm_pipeline,
C787,d4b96ffb4ac7f745723913c5c3a912fa,1,llm_pipeline,
C788,d4d4b4bb8af8d29423e31882aab67255,1,llm_pipeline,
C789,d510a33c0204cf08a3c23966dcec097f,1,llm_pipeline,
C790,d525ca4ad534138e0afd0bff0509c451,1,llm_pipeline,
C791,d572b9f601df149deaa67c93b66bff17,0,llm_pipeline,
C792,d58e7a59b9df6e148373eb7ccd000229,0,llm_pipeline,
C793,d65965c966c7f1855f6317902e1d49ab,1,llm_pipeline,
C794,d682bddad0d6ecbd880d607503c32db9,1,llm_pipeline,
C795,d689a9d087527ed7cfff0065d4ae5f40,1,llm_pipeline,
C796,d6d5d035063ac4f6db893e481251e342,1,llm_pipeline,
C797,d72c6fc26411fcdc4c1df8abae643b0e,0,llm_pipeline,
C798,d741940d21cd1476a837a364d47180eb,1,llm_pipeline,
C799,d77e1b52c6d8219fd07d751b6c8d6f76,0,llm_pipeline,
C800,d7bea0467015741a54284db2317083e7,1,llm_pipeline,
C801,d82ecbd2b0c9f1e2a7b7dd67132f616e,0,llm_pipeline,
C802,d859c14d1dc869c53aadfda0d08da297,1,llm_pipeline,
C803,d9074f7fc078898c6d44ac630111717c,0,llm_pipeline,
C804,d98f675422b29f4e244579aa5b1617b7,1,llm_pipeline,
C805,d9e75e009ddead10cfcc697dabdf730c,1,llm_pipeline,
C806,d9e87549673127fa28786c17cf931d36,1,llm_pipeline,
C807,da16cbc3505cd2856556368ed426a4f2,1,llm_pipeline,
C808,da4205454a0348d28dbffe39544f95d4,1,llm_pipeline,
C809,daade698672ccc1c55251718050bf836,1,llm_pipeline,
C810,dabd5906e6085b30637a43783ccdfaea,1,llm_pipeline,
C811,daf5a56ecf9b046e7689e0a6baad1583,1,llm_pipeline,
C812,db06f1e8004672281e55a0d43542fa4b,1,llm_pipeline,
C813,db17b50c8f0f817eb287c90a3d59cdc6,1,llm_pipeline,
C814,db40508d443dddaa50cbcb0aa2939e98,0,llm_pipeline,
C815,dbf508151722875698dd8016d050937d,1,llm_pipeline,
C816,dc2485eabe8abbb71d8c9992c84811de,1,llm_pipeline,
C817,dc9454330e2d3f56c04e1592ff8f3fda,1,llm_pipeline,
C818,dcc172df91f718ee6cdbaf7f43c46ce6,0,llm_pipeline,
C819,dcdadbbfb58ceea62d818a487d4260c7,1,llm_pipeline,
C820,dd3274e94dda27646c019fa548455081,1,llm_pipeline,
C821,dd386f38416a4ac94146ff99e4286878,1,llm_pipeline,
C822,dd5e00222e1a20e744cda8a50eca2b36,1,llm_pipeline,
C823,de61daf60acffbfd44d0cdde47e0fe66,1,llm_pipeline,
C824,de850da188652fe49b5096f0836a3598,1,llm_pipeline,
C825,debd007e19a62f2d9ff0cbbdca97ce45,0,llm_pipeline,
C826,dec7c52c34d56c7229b5d9ff107ae12d,1,llm_pipeline,
C827,decd8f07894e7e8597af0a1347b3acac,1,llm_pipeline,
C828,df0d6bbe0d18166462fb501c2b41ee3e,0,llm_pipeline,
C829,df0f16f89a0dc36a4533cbffea72f89e,1,llm_pipeline,
C830,df4c2051a72ff228c1979f13c5f361b8,1,llm_pipeline,
C831,dfe817ffa4e873c3592e97e9a3e7f55e,1,llm_pipeline,
C832,dfe81e9b71869665018e91d36a33e12c,1,llm_pipeline,
C833,e0445f51bee651c61e0ea5ec0394b854,1,llm_pipeline,
C834,e0afd19d761ecb8ffb926aef4507ca9e,1,llm_pipeline,
C835,e10d246f45efd01fb5d13c68721b25be,1,llm_pipeline,
C836,e1a85976357737a69806f92abcf7645a,1,llm_pipeline,
C837,e1bda8f2a7aaf0372048bcb898520b6a,1,llm_pipeline,
C838,e1cd4671189290ae673d8c7b7a36058c,1,llm_pipeline,
C839,e1e2093c07508c94aa4d8a48e6dad1d9,1,llm_pipeline,
C840,e2a7021238a7d4ad17410556d4387ee4,1,llm_pipeline,
C841,e2af1f8638e3e6ad2f1fac26d0698e09,1,llm_pipeline,
C842,e2d19b2c90141c19eb97c19d393d2f87,1,llm_pipeline,
C843,e2dc333722f1a8de88ad5aaf7e21443b,1,llm_pipeline,
C844,e308d57e92371926202aaf6c87c54768,1,llm_pipeline,
C845,e3b1332fad67ac98845752de1f14a783,0,llm_pipeline,
C846,e3cdd00048bf52477fdd8b0a93c7a33d,0,llm_pipeline,
C847,e3f0191e8668941f36d26e89f6060ba8,1,llm_pipeline,
C848,e45ce8273acc21e5a2b8f3c49059de0d,0,llm_pipeline,
C849,e5412f2c643f95326593303d17b20ae8,1,llm_pipeline,
C850,e59bd8f0fc4497d7547efdcc4152fef5,1,llm_pipeline,
C851,e5ab14aabe66c92c01359a02ef7556a6,0,llm_pipeline,
C852,e5c3367dc8d1c44723106f59c2c64a98,0,llm_pipeline,
C853,e5cdff8e096ee17fda6cec2320709052,1,llm_pipeline,
C854,e6463a0ce4d2fcb4ae2391b39a046045,1,llm_pipeline,
C855,e6ce8c92e6c84e92ce13ef0839556246,1,llm_pipeline,
C856,e6e25bc9868c2e59abf1bbcd58b30320,0,llm_pipeline,
C857,e753a2ba086ebb00148ce5e515db4aa4,1,llm_pipeline,
C858,e756a1b8fd5b43df5bdf6fc822624593,1,llm_pipeline,
C859,e77bd6cda8345850a5f54720cbad2d74,1,llm_pipeline,
C860,e7c2349e28c006495bbc00e1de514c92,1,llm_pipeline,
C861,e8ab80ea42971035a1db2741ecb1ca6b,1,llm_pipeline,
C862,e9666368b42ecf0d5bf9cb32058d71af,0,llm_pipeline,
C863,ea5c438427c1ea28f9b25f7b2b12a1c8,1,llm_pipeline,
C864,ea5ddc0776632e6ee6979d719e885ae4,1,llm_pipeline,
C865,ea67704decc61c88d8819ed85d3ff267,1,llm_pipeline,
C866,ea830a54eb72306b2f68e70a4411764c,1,llm_pipeline,
C867,eab6102d755582f809a534d3d7d86656,1,llm_pipeline,
C868,eab774a84a96d077d069bb67720639b9,1,llm_pipeline,
C869,eb28c9518a388c5cf07c6903fdfed318,0,llm_pipeline,
C870,eb308f3145cf720e657bc63f2c64e1d2,1,llm_pipeline,
C871,eb52f70168fa5499f1c6ef1d8b31d86c,1,llm_pipeline,
C872,ec3b3654ada7801fcde1830ab951c02c,1,llm_pipeline,
C873,ec599285de3156d1b12ffce18f1ec642,1,llm_pipeline,
C874,ec9ec3cf14894e889ec851eab76a27df,1,llm_pipeline,
C875,ecf2783ee56249828750c5f3e57108d7,1,llm_pipeline,
C876,ed4aba2f913b9c737eb28eb0cada9b36,1,llm_pipeline,
C877,edaad7e19f737c20f12069fa54763437,1,llm_pipeline,
C878,edec19b2d18ce0ea2220744bd2f7a676,1,llm_pipeline,
C879,ee3e61d76b2195bd1fe14295c97250c9,1,llm_pipeline,
C880,eea19ecc2b3ee2fb6d308b2f5a0edd99,1,llm_pipeline,
C881,eea540cdc26621fd9f134b9e0cea9f13,1,llm_pipeline,
C882,eecc4d6f71278753b54a1b40dffa6df1,0,llm_pipeline,
C883,ef220f86edba937a546c8c4e48c25926,1,llm_pipeline,
C884,ef59fa2e622dd77939d33074d898e0bc,1,llm_pipeline,
C885,ef95b1fd646379a0bf90ef0371cfd606,1,llm_pipeline,
C886,f0aaa97938fdc477cfd6939bb3d9d5bc,1,llm_pipeline,
C887,f0c8aeb6ee32acd59306080030cebb6e,1,llm_pipeline,
C888,f0d1da283163cff4092821745cfe9358,1,llm_pipeline,
C889,f0ea11bfac4f8da1b9df4ad04fdd8bb5,1,llm_pipeline,
C890,f136c95fdc69fa80423f10e3ddd05890,1,llm_pipeline,
C891,f17893e5b8e5ba7c723f599e1156ece0,1,llm_pipeline,
C892,f17c0fcc7604eee02d2688fbdcd946cd,1,llm_pipeline,
C893,f1c386e640c28e2fa58809b9fdb20ca9,1,llm_pipeline,
C894,f1c762d64e5683aea9c64f0e1f0ad186,1,llm_pipeline,
C895,f1f229a4793411d7cbab34c48055d225,1,llm_pipeline,
C896,f21cfe640f84f395deddfb8e66081a5b,1,llm_pipeline,
C897,f29b358ae3c644ad75eed9b49efebcb7,1,llm_pipeline,
C898,f2da9d8779afc9c0c6df91f158853b61,1,llm_pipeline,
C899,f3b1887024354c1a3ec5eff60a675088,1,llm_pipeline,
C900,f5207c4562f664a819f7786599195f7f,1,llm_pipeline,
C901,f568490438a75134d14319043919fa56,1,llm_pipeline,
C902,f5a217a012c40cbb2f21beb7cf607f60,0,llm_pipeline,
C903,f62d00509d5b86e92a2e689eab930b58,1,llm_pipeline,
C904,f66b56ff98bd2154270f58ac5e2d6add,1,llm_pipeline,
C905,f6822bb4b807f220dd6218e79f870889,1,llm_pipeline,
C906,f683cd7e27eecfa95dc98fa5ae3985a6,1,llm_pipeline,
C907,f6acfbc7fdedb09c03ccaf98fbc5f4ad,0,llm_pipeline,
C908,f6ae8bdd0be7186d5d86739397ac2a62,1,llm_pipeline,
C909,f6aff3fadcd7922d6f4a9f03e5bd7010,1,llm_pipeline,
C910,f6cc7e22b20c80b93f32c314a2f62e27,1,llm_pipeline,
C911,f7446b3d7234f1d8976ef39a6279977d,1,llm_pipeline,
C912,f7d4b6b8d9aae0e5817917f94ba226b4,1,llm_pipeline,
C913,f86622f2ea7b75d85b4d99b556613103,1,llm_pipeline,
C914,f8ad20eab7c20c68119cf4591e6c97db,0,llm_pipeline,
C915,f8be5b8850060dde8b366e57cb9d2037,1,llm_pipeline,
C916,f8c1fe88cb620a431aee6ac1e31770e8,1,llm_pipeline,
C917,f8f602c75a192b161cd559a6e31d10b6,1,llm_pipeline,
C918,f90c131115c19f3b740b871482b75d2d,0,llm_pipeline,
C919,f91a43fea636f8689194df9f3aa87270,1,llm_pipeline,
C920,f926e4e52bc25442cc0f331ada660856,1,llm_pipeline,
C921,f96e77d549c990fa18ef0db80705ae7c,0,llm_pipeline,
C922,fa18748ecbacd33c9e7fc7f28fbef2e6,1,llm_pipeline,
C923,fa5ad7f30eb6436596131e33b66a80ee,0,llm_pipeline,
C924,fa73e153a079aacad8244c60727ad305,1,llm_pipeline,
C925,fa9604119d2ab63ade84dc3096939188,1,llm_pipeline,
C926,faadeef0698a7e7145f5d0330fadf965,1,llm_pipeline,
C927,fab1e89e850da81459272dba4b9e5d4f,0,llm_pipeline,
C928,fabee19813adab4e085b913f89851f99,1,llm_pipeline,
C929,fb1ddbd2c8a81d6126cfd76f03d378b1,1,llm_pipeline,
C930,fb43d08a61fdf0de897a285551fdc4c8,1,llm_pipeline,
C931,fb9a0c5087b5857390d5069839d54e42,1,llm_pipeline,
C932,fbb4383cc3cda44262c5751d4525c8b8,1,llm_pipeline,
C933,fc140d01388ba64d03c5d0d54a15aa45,0,llm_pipeline,
C934,fc2e51d0cb8f520eb5f4e21606b2bce8,1,llm_pipeline,
C935,fca5653f61aef8d3318eae97707ef64a,0,llm_pipeline,
C936,fd29888d1229b2c0a2281788afc8b300,1,llm_pipeline,
C937,fd494c25cf06d97db8b2a9adc83792f1,1,llm_pipeline,
C938,fd956cb72159534bdfbcaf812cf2036c,1,llm_pipeline,
C939,fddf6037276caa999c3e4f154aff60e5,1,llm_pipeline,
C940,fe58edd6bcab36e9d774b48a3b579a3c,1,llm_pipeline,
C941,fe82c74a161575f2a278863df75e4e6f,1,llm_pipeline,
C942,feaafdcfa0cf1f1683f18ef560d29267,1,llm_pipeline,
C943,fed3905dfa8078fcd7f634ecc553b958,1,llm_pipeline,
C944,feda84e041f43e855e7ec252320f358c,1,llm_pipeline,
C945,fee5bd287b7b11da13d6bd5289744d04,1,llm_pipeline,
C946,ff06c93b6fc5d7184f226c4ae3be4d36,1,llm_pipeline,
C947,ff54d527941a6a160a67e2b6caf31d01,1,llm_pipeline,
C948,ff725fa9b02adbf8b2637367b551afb0,1,llm_pipeline,
C949,ff7ce50f1d149d3c3186a3ea61499dfe,0,llm_pipeline,
C950,ff90339a4840f473a579a7f1c513d0ac,1,llm_pipeline,
C951,ff98a3c0f644262612c34a86f1f1333a,1,llm_pipeline,
C952,ffb25c94efe618631a723d55464dc682,1,llm_pipeline,
C953,fffbc6f81a40b9274f8ba6dde6861936,1,llm_pipeline,
C954,326965015cb841e4c563e0a9ab06ff7c,0,preliminary_500_sample,quoted in Results (potential but unconfirmed misconceptions)
C955,5d86939d20b546666c560c905c9a7039,0,preliminary_500_sample,quoted in Results; 46260-char prompt; three byte-identical resends exist in the corpus
C956,ad821ccc847eb448050c412bcfd138e6,0,preliminary_500_sample,quoted in Results
C957,8f7b8d3e6939a62927222547e523bc04,0,preliminary_500_sample,"quoted in Results (""full code"")"
C958,4701c6fedd3dc43286aa0a28448fae7c,0,preliminary_500_sample,quoted in Results
C959,3bd33def1c8d9a996cefe6ce19201ee6,0,preliminary_500_sample,quoted in Results
C960,0882d4fa2612e17055187e7518a5053d,0,preliminary_500_sample,quoted in Results
C961,31783b9e6609d8d7164fe6ecc6aefe5e,0,preliminary_500_sample,"quoted in Results (""full code"")"
C962,4fee08214b1c8568620342a4fb4106e5,0,preliminary_500_sample,quoted in Results
C963,06cd3419e3fa30454ac025422153252d,0,preliminary_500_sample,quoted in Results
