"code","n","k","pct","lo","hi"
"Clear session",5,0,0,0,43.4482464783175
"Continuous training",6,0,0,0,39.0334287902165
"Local machine access",7,0,0,0,35.4330435066687
"Session memory",8,0,0,0,32.440756488388
"Internet Access",221,26,11.7647058823529,8.15624569431324,16.6796805239143
"Code Execution",84,18,21.4285714285714,14.0067665449916,31.3493322215604
"Non-text output",62,17,27.4193548387097,17.881063614202,39.592539641989
"Algebra",85,26,30.5882352941176,21.8093848376838,41.0457951221558
"All labeled conversations",450,79,17.5555555555556,14.3192903142759,21.3410610430547
