"code","n_human","n_opus","both","human_only","opus_only","kappa","agreement","precision_opus","recall_opus"
"Algebra",85,87,75,10,12,0.85562847046946,0.970822281167109,0.862068965517241,0.88235294117647
"Clear session",5,4,4,1,0,0.888230062259119,0.99867374005305,1,0.8
"Code Execution",84,80,74,10,6,0.890542208027872,0.978779840848806,0.925,0.880952380952381
"Continuous training",6,8,6,0,2,0.855831739961756,0.997347480106101,0.75,1
"Internet Access",221,239,212,9,27,0.887463619704646,0.952254641909814,0.887029288702929,0.959276018099548
"Local machine access",7,17,5,2,12,0.408892373166088,0.981432360742706,0.294117647058824,0.714285714285714
"Non-text output",62,71,55,7,16,0.810424364328035,0.969496021220159,0.774647887323944,0.887096774193548
"Session memory",8,10,6,2,4,0.662690128243363,0.992042440318302,0.6,0.75
"POOLED",478,516,437,41,79,0.868452808462753,0.980106100795756,0.846899224806202,0.914225941422594
