conversation_hash,scraping_hit,first_term
00ab50477d17985dc02ab244e2a594ff,0,
0143bd43590f07daf85a99dbe7950048,1,scrape
014510269b3045362d8c8a7933ed6c4d,0,
0258767c7f7314d4c9d36bac1c74186e,0,
06ffda0c3ba5795fe18a58e064c4e0bc,0,
07214818b964927281d537d1d3affee4,0,
074555a89975b7a274ff9c6bc9836949,0,
08de76bb97bc4d54f286032e20f6410a,0,
093b8472acec5037398cf20ba1110ca4,0,
0a1f8e8c0177965309fdf906e25fdb6a,0,
0a81bbe6c65cf471c98995248a69b206,0,
0b75d53aa5ac295e8f6e87b046dc13ad,0,
0b8cfd83c611dc783b1b0d9ae64f9d4d,1,crawler
0d4fdb965527900d8d7b19924fae8206,0,
0df67725e948af8971e234fcf31bdca4,0,
0e0a8c347732ddf032bb0b63ce1e66be,0,
0e8f67ad753c902dec6808ea93e48dfa,1,scraper
0e9829819efc32d3197cac913f59c760,0,
0f1d0f23406fbc71607d8f503b24c34f,0,
0f42f250e6fac903fad7236cae058882,0,
114b4d189132f8813ef46571b6e6767f,1,bs4
11c140f6801e33e70b77f04a15e469af,0,
12108313862cb11ef1d37502504b8056,0,
12a11169e89e12696d93dcb250952fc6,0,
141bb4e7662c72d9ec1f2482315311a5,0,
17cf685f4d24d5f80fbbabf7ce2d52be,1,bs4
18b2eef2c56cc67e8b05b50948632023,0,
196cbd940bb41cd3ca0f37ec0e7da0ed,0,
19879253620267f0a46e3139def99925,0,
19ba1d05a332c28eddf8cfe62e24eb4d,1,scrape
19cb2a77585a73723f913485fd919b03,0,
1a0100c53c35967f1362406fe3d779cf,0,
1cb63d9c94e389446b2f7cd6600e7ed9,0,
1e49d740d816cef0203537b157ecf7a3,1,scrapes
20ae828f37607053899cc39425b5e3f4,0,
23611d55eeec94eaa9ee7740626d7527,0,
236e2334d2a69386286aed4d83485423,0,
24e78dee6228d72928d035be0628e308,0,
251e9728337f189434080719bd9fa238,1,scrape
25af1e16c7c4864a2edea7e8934c5656,0,
2663d33f652cba100fdc412b3de8d4b5,0,
26fa87aa1fad7f4dc33c7c8b924d0de3,0,
27e5c38f434f2901e5fca61d991c7c45,0,
27f89f910c2bc364afbd8b35fc411ac3,0,
2a1304a57cf1a94c0d9fba10c2a85aac,0,
2afdf133085e2eea993c780a0d82e8ee,0,
2d05f54d0c74cb10fcfe48b138dce542,0,
2e2e7664b5e4c61c9952324fa3dc0109,0,
312e1ee33f08c92d432e251eb5b01be1,0,
316b0a9e4f69358ab3f91b1d7bcece84,0,
340dda3dc7a3a1bc0af2e01499bf0b12,0,
34831bf02176957f4fd5ff557042eba5,0,
34fc8aa1683ca83a4f116b9450b0280c,0,
357dee9ae5ef8ccd5e386c5f84066c58,0,
36fa68ea425b482755d910fe00c33fea,0,
37fbf43a37927efa4debefba605c9d6c,0,
3a4f6d26352bdb7fdec04dd62549dbac,0,
3c2b819de2c140b853a878a1e6064fa6,0,
3d41bcc2457199c8873794aff4d1581d,0,
3e1b6e5070bf7d5e34fa5feed7d15ec3,0,
3fbbdba47d487e8e2de8fab5a5fe7d68,0,
41a098d742303584aa1caedcf9dcd5c0,0,
43cc67cfa09cd59e30ec00191f496828,0,
44acb2c30db0b34260406c57f4e81468,0,
47042f7ff92f01ae413cfaeabcdb6f7e,1,scraping
485416fdcf72ab61a490a2079c1ba407,1,scrape
490480e27118edd6b30f02d52df0e56d,0,
49c0e8e30665cd2829f969ecbd974965,0,
49d7525b67d1127d2bd7503716639c62,0,
49f3abeda558e18cbf3273c501891fa4,0,
49ffcbf8af232160e4fab10d6b196933,1,scrape
4a2439ad368e5f8b5083da0f930eb480,0,
4a895a3c119af1e0f744d48fded6ad27,0,
4ab07f7fe2857158cc6f5e20f307b8d4,0,
4c5d4679c94a9c99071c459febb16b86,0,
4d4eb31ea726ca3f02d359d613e9fac0,0,
4ec6da7e23c90fc8bfd99526a7446f17,0,
500893adb58e5692e4f1d5e519cd7609,0,
506ebd72cf5b86c3812d7dd7ad532d98,1,scrapes
508daf66b024fb9d2489374fd17644ba,0,
50cda5e0945af021d8541d25a1ad5d7b,0,
533d3b0bed42279f7f1d6972c8f352a9,0,
575ea5346a40960a7532a5ccf3dac0c7,0,
5870653a5436c8182f606a9474314784,0,
58a72d57f1075cf159d7634fbb72e5c1,1,bs4
5c25f96b15e195b84009e358bdd440c1,0,
5d74b91ba41927f0de9e857bb473da33,1,web scraping
5d79aabc70608fcbf2a2911b7b77be44,1,crawls
5f073fd0ee63fd4312c80dfbccf4b6da,0,
5f092ba7f17c5557bb5d76d500f4a039,0,
5fafa7fae07f1c704608ae95dfd22eb9,0,
5fb1b08cf83e6dffe37aacd486bb885b,1,scrape
63252010991e7932673f66cf6dad2ad1,0,
6562a63cd31a9c59f6d67465ecf00992,1,beautifulsoup
65b7bdb6ea3a9be9e2001e855997884a,0,
667e3273831876eab9c06974833fcb1e,0,
67149c60871b5eabc0ef5bfd2c0c55fb,0,
67826e772426a502461b088f09b71e43,0,
6848920e7cec6a414b4e2a2642166d30,0,
6b40ff1a0d4ccfe6874d09561875ae3f,1,scrape
6c06ad05a0dce94b9b649645a46f9406,1,bs4
6dcc32ed1cae1ad9f290f815b6fa0385,0,
6e5865feb3d37e88eb6ca9148ab5d568,0,
6e5b53f4731cde36348983b8e771f6a7,0,
6fb455c7f0cc4f12f87e1c6e2e40a224,0,
6fe277d8d672f55f42426df4cef5c8c6,0,
71f7e582a008b070eadd8cc8ae322835,1,scrapes
73a149c6bbf5834e0bff57a52493f354,0,
74318714d8ef48bbbb4f160dd854a812,0,
74e2ca50ddd0973090535f18c993ae47,0,
76c8c5bdf305cfb7b6edbb703a110c20,1,scrape
79651eacd732a7300447e35cd372fe4d,0,
7a858807f7d0f1aafebe1aae8063150b,0,
7ac0511a5d28534d8585d16e071392b7,0,
7b21f21284f1ebcce84f34c65e5bda81,0,
7c435e46af4fbe4562d374c44fc63c1c,0,
8025a29d5dbf6ea2d5e8d0de0ef7c70d,0,
804c4f6ed46db412d80b23555989b0e7,1,bs4
813fcf50f9620eacefac02c9c2a8c358,0,
8587a84fdba202e0f4602cad2028c38a,0,
86664deba506e7e367175918ddd581e1,1,scrape
8774675e99cda046000446e0f7c5bd41,0,
8c71ce34ad4382441ab4a2c50f6a631d,0,
8cbcbd325e6bc9ecc6385372993dc2ba,0,
8cfba19c31e7fa7a1a3bdf60c916a7e8,0,
8dd3133bf4fa2072b0813c6eef15d1df,0,
8e78d173545c9430e977cc12dc08530d,0,
8ed0f65150d1e8303306da1d58ddb756,0,
905f203a724fbabf639c732f58a3f2f5,0,
91aeb5d11c2127a47ea5c9590f0fbd65,0,
929f1b3106c0cbc1440f9d81626f8171,0,
92a04dfe54d5b13f80d9815cc5b01ead,0,
92f98d6464a3f6abfee177ac4b109368,0,
9326c889c5fdba59496563186024b7bd,0,
95973015f88c20505f517ec9aaee1b27,0,
95fd17ceed0b0ce4cca82950f561bfb4,0,
9869bbcb304b9080c1421da6ea0020ad,0,
9ac3262082a870e089b976ba2127fcc8,0,
a03f3096a1d233aa568e2b58b2ac22bf,0,
a10e1fdb2ef3efcb518791a8e05aeb3b,0,
a1808c25cc4c8bce9aafd3407eef04fc,0,
a2317821589c00dfdd9aca75b07023b3,0,
a2e621324e724bf2685befdc226cbe73,0,
a386c132e0293f2c8b7411587311cdd1,0,
a4442250f7e72d05bdd92d897f34c255,1,scrapes
a5bec537d390956972d94d29ff96f417,0,
a5d93e941ed46438d2d4d2b73588d65e,0,
a7a76e561d60b6078d2cd3950a288a26,0,
a83ad412f49867f3a915e06ffd9d56c5,0,
a94d28fde56e45250c95a06d0efe3a93,0,
aa493713f0e3337141b1c2303f528431,0,
aa78355c0e9b6b4b02cff8442f8f2cff,0,
ab4c1c5d7f600f761a8010fb4cdc14f2,0,
b2c96d2bf8383a380bf847629653b258,0,
b33390402a18cf328b2cc902539a1812,1,scrapy
b341eb970c04b5cceac40403cff1a7e5,0,
b538d5b784921d91fe4ce68ddf966d71,0,
b5842570f613c52db20777619e6e1ca9,1,bs4
b923eb2e58b1b3360c0c74d4face6c9a,0,
b9411c26e2050f18f144329ea61b58b5,0,
ba44d2e0c47c26a70e5a557934189567,0,
bbd23700fb46e4452ec3d704bb5b4668,1,bs4
beac5b9b900be906a71d3aea471fa58d,1,crawl
bfcd67dab186a037d04e320baef4ef25,0,
c0a2d46ae283bc9d472378ef4295dd08,0,
c2ca287bc5e307ce15372eea9750ff6f,0,
c5ecc44c7b0cfd50ca351293766cf079,1,scrape
c78fd93eb4d78f30bf146891ec5131c3,0,
c9a810e860af5a4add42c33afea31f63,0,
cafa1c14739e1d9e4375dc0070ee7059,0,
cb0e2645d8e05422741f8af285502bd3,0,
cbc0f1ea44e8fe69f5eef83aa865aee2,1,beautifulsoup
cc9249c962c577570424788688c5fcec,0,
cd7faf68af0022057ec6a8e7fec8b8d7,0,
d0551cf2b84de900620f257a8b2b1e10,0,
d275255199181c1841b073cabb3d7186,0,
d349228e9fac01c04e2f9d032f1d55ed,0,
d45df448a0cf3fe8dee71ca804c52d3a,0,
d4b89fbbb20715bcd934317396b393cd,0,
d4d4b4bb8af8d29423e31882aab67255,0,
d689a9d087527ed7cfff0065d4ae5f40,0,
d7bea0467015741a54284db2317083e7,0,
d98f675422b29f4e244579aa5b1617b7,0,
dabd5906e6085b30637a43783ccdfaea,1,scrapes
de61daf60acffbfd44d0cdde47e0fe66,0,
de850da188652fe49b5096f0836a3598,0,
dec7c52c34d56c7229b5d9ff107ae12d,0,
df0f16f89a0dc36a4533cbffea72f89e,0,
dfe817ffa4e873c3592e97e9a3e7f55e,0,
dfe81e9b71869665018e91d36a33e12c,0,
e1a85976357737a69806f92abcf7645a,0,
e2af1f8638e3e6ad2f1fac26d0698e09,0,
e2d19b2c90141c19eb97c19d393d2f87,0,
e59bd8f0fc4497d7547efdcc4152fef5,0,
e5cdff8e096ee17fda6cec2320709052,1,scrape
e77bd6cda8345850a5f54720cbad2d74,0,
ea5c438427c1ea28f9b25f7b2b12a1c8,0,
ea830a54eb72306b2f68e70a4411764c,0,
eb308f3145cf720e657bc63f2c64e1d2,0,
edec19b2d18ce0ea2220744bd2f7a676,0,
eea540cdc26621fd9f134b9e0cea9f13,0,
f0c8aeb6ee32acd59306080030cebb6e,0,
f0d1da283163cff4092821745cfe9358,0,
f0ea11bfac4f8da1b9df4ad04fdd8bb5,0,
f136c95fdc69fa80423f10e3ddd05890,0,
f86622f2ea7b75d85b4d99b556613103,1,scrape
f8be5b8850060dde8b366e57cb9d2037,0,
f91a43fea636f8689194df9f3aa87270,0,
fa18748ecbacd33c9e7fc7f28fbef2e6,0,
fa73e153a079aacad8244c60727ad305,0,
fa9604119d2ab63ade84dc3096939188,0,
faadeef0698a7e7145f5d0330fadf965,0,
fabee19813adab4e085b913f89851f99,0,
fb43d08a61fdf0de897a285551fdc4c8,0,
fc2e51d0cb8f520eb5f4e21606b2bce8,1,scrape
fd956cb72159534bdfbcaf812cf2036c,0,
fe82c74a161575f2a278863df75e4e6f,0,
feaafdcfa0cf1f1683f18ef560d29267,0,
feda84e041f43e855e7ec252320f358c,0,
ff54d527941a6a160a67e2b6caf31d01,0,
ff90339a4840f473a579a7f1c513d0ac,0,
